id,oplocdistrict,industryphy,industryco,dom,opscope,enttype,enttypeitem,opfrom,opto,state,orgid,jobid,adbusign,townsign,regtype,empnum,compform,parnum,exenum,opform,ptbusscope,venind,enttypeminu,midpreindcode,protype,oploc,regcap,reccap,forreccap,forregcap,congro,enttypegb
47645761dc56bb8c5fae00114b768b5d9b6e917c3aec07c4,340223,M,7513.0,31487d8f256f16bd6244b7251be2ebb24d1db51663c654f5cb1ba985b1b19f614bc66f819fed4ac88eca6ca014480058cf714e8d8939efea8d5004822706aaed,纳米新材料、机械设备、五金配件加工、销售及技术推广服务，道路货物运输。（依法须经批准的项目，经相关部门批准后方可开展经营活动）,1100,1150.0,2019-07-11 00:00:00,,6,340223010010000000,340200000000115392,0,0,1,5.0,,,,,,,1151.0,,,2367b4cac96d8598,50.0,,,,,1151
9c7fa510616a683058ce97d0bc768a621cd85ab1e87da2a3,340222,O,8090.0,31487d8f256f16bd6244b7251be2ebb27b17bdfd95c8f3b19ffcd2880f506783185d7f7a39b7d56bfbe2f7890450d28d236de35f12b8a574,健身服务。（依法须经批准的项目，经相关部门批准后方可开展经营活动）,9600,,2017-09-06,,6,340222060010000000,340200000000112114,0,1,1,3.0,1.0,,,10,,3.0,,,,31487d8f256f16bd6244b7251be2ebb27b17bdfd95c8f3b19ffcd2880f506783bee75565895bdbb5,10.0,,,,,9600
59b38c56de3836838082cfcb1a298951abfe15e6940c49ba,340202,R,9053.0,31487d8f256f16bd6244b7251be2ebb2ae36cd652943e86c796096c38284d710f0f450a398f1b32cfaed0578b903293f40feb9e3800e9d3b,文化娱乐经纪人服务；境内文艺活动组织与策划；文化艺术交流活动组织策划；演出经纪；其他文化艺术经纪代理；文化娱乐经纪人；网络营销策划；市场营销策划；企业形象策划咨询；网上从事企业形象策划服务；企业营销策划；品牌策划服务；广告设计、制作、发布、代理；影视、广播广告发布服务；广告代理服务；互联网广告服务（依法须经批准的项目，经相关部门批准后方可开展经营活动）。,1100,1150.0,2020-09-14 14:46:30,,6,340202010010000000,400000000000753910,0,0,1,2.0,,1.0,,,,,1151.0,,,2367b4cac96d8598,100.0,,,,,1151
e9f7b28ec10e047000d16ab79e1b5e6da434a1697cce7818,340221,L,7212.0,746df9aaed8578571760c563abe882c8ba25209fc6d5db928528265a4b8ce1bb,投资管理及咨询(证券、期货除外)；企业管理。（依法须经批准的项目，经相关部门批准后方可开展经营活动）,4500,4540.0,2015-09-30,,6,340221010010000000,400000000000013538,0,1,1,2.0,,,,01-以个人财产出资,,,,,,2367b4cac96d8598,10.0,,,,,4540
f000950527a6feb63ee1ce82bb22ddd1ab8b8fdffa3b91fb,340202,R,8810.0,31487d8f256f16bd6244b7251be2ebb2ae36cd652943e86cfd2e8fa08b3f80b6e3173f8c796457bf2ebc14ea2d3c1be5cefbd12b724f133dcb205d324d0c6c7fc49cb7baf29b4dfe,境内文化艺术交流活动策划；企业形象策划；礼仪庆典服务；翻译服务；专利代理；广告设计、制作、代理、发布。,1100,1130.0,2017-12-01,2067-11-30,7,340200000000000000,400000000000283237,0,0,1,,,,,,,,,,,2367b4cac96d8598,100.0,,,,,1130
da8691b210adb3f67820f5e0c87b337d63112cee52211888,340207,R,9019.0,ca213febe80e171c3b9617e39b49d64e79eaa1699bd4df0bf657e28777cc4a4a32b60fbdac651cedc27873991bd1912685cd06d0790f9cf094f21122915a41b8,棋牌娱乐服务；理发服务。（依法须经批准的项目，经相关部门批准后方可开展经营活动）,9600,,2019-09-29,,6,340207040010000000,400000000000325767,0,0,1,1.0,1.0,,,10,,3.0,,,,31487d8f256f16bd6244b7251be2ebb2918919c75535b4acd9c73af2e1fc8fec792e3f1dfe3eb8b7aaeefabfad32c3039648a935ac93cceebecddc75459374fc,10.0,,,,,9600
9c7fa510616a6830b878f3c8c4317d93e1b022e7f22ae231,340222,O,8052.0,ca213febe80e171cd550f179e9cf5434d53fa8601fba3479972d445b15f25d79c8a2acc2e6df4e9abb0eea691e4e189339d0fa0ec21e73f09c49af65a245e02e654e20e95bf051b0970b8d6f2930f454b0688b2084b35d8147630ad709fdd2074668fbab0fc2adde,足疗服务（依法须经批准的项目，经相关部门批准后方可开展经营活动）,9600,,2020-08-03 00:00:00,,6,340222080010000000,340200000000101006,0,1,1,5.0,1.0,,,10,,3.0,,,,7c29d90151b88c9f396c6c8374278fe7cab4859047594f61cb71ef0d6c3140d4430bf8ff6aa26fa98777f9d3b6df51ac32b4b3a3039b1879625cfaf4b8ba65bd,20.0,,,,,9600
9c7fa510616a68309e4badf2a7a3123c0462fb85bf28ef17,340222,O,8111.0,31487d8f256f16bd6244b7251be2ebb27b17bdfd95c8f3b19ffcd2880f5067836603174f887455b47ef07ebbf5832f42305dac0729263fe2a965de5da495c903,汽车维修服务，汽车零配件批发兼零售。（依法须经批准的项目，经相关部门批准后方可开展经营活动）,9600,,2017-07-10,,6,340222060010000000,340200000000112114,0,1,1,7.0,1.0,,,10,,3.0,,,,31487d8f256f16bd6244b7251be2ebb27b17bdfd95c8f3b19ffcd2880f506783bee75565895bdbb5,15.0,,,,,9600
216bd2aaf4d07924b4a106be25791281e2a6d9e54eaee13b,340203,M,7519.0,31487d8f256f16bd6244b7251be2ebb2104d8ea0072d61ed00d47cfe1894ccf82ab2640934f0b38c05fb935d895024964bf780a44b5f3b0c074049e00505f5b107944c8ee155c6626a34be3437d84f2e50c5c34ab5960cb8,机电设备批发；机电设备零售；机电设备安装及维修；太阳能热水器设备及配件、太阳能光伏设备及配件安装及维修；轻质建筑材料批发；钢材批发；包装服务；厨房电器设备批发；厨房电器设备零售；厨房电器设备家电零售；厨房电器设备修理服务；厨卫电器安装及维修；制冷设备批发；制冷设备零售；制冷设备、电热水器、燃气热水器安装及维修；电热水器批发；电热水器修理服务；太阳能与空气源热泵热水系统销售；空气源热泵热水器批发；地源热泵热水器批发；燃气热水器批发；家禽家畜养殖设备和加工设备零售；家禽家畜养殖设备和加工设备的安装及维修；机械设备领域内的技术开发、技术咨询、技术服务；合同能源管理；企业管理咨询；商务信息咨询（依法须经批准的项目，经相关部门批准后方可开展经营活动）。,1100,1190.0,2020-03-10 11:52:15,,6,340203010010000000,400000000000753907,0,0,1,2.0,,,,,,,,,,2367b4cac96d8598,300.0,,,,,1190
743e550a617316d5772a00182284976e17d42b6f0ca6d374,340208,O,8051.0,31487d8f256f16bd6244b7251be2ebb2918919c75535b4acecd952004b0eed8590d1b79886892835ecdd4448ba7cecac6c8ca9860b3b887af46275e264fdd4716902044bc738bef1601e9bac0135c7be3a57ce83be0b3425f8a8495a43d86014,足浴服务（依法须经批准的项目，经相关部门批准后方可开展经营活动）。***,9600,,2016-02-29,,6,340206040010000000,340200000020001736,0,1,1,6.0,1.0,,,10,,3.0,,,,ca213febe80e171c6293b0274cbe9e27b4b53b5313603cb1e6bbc2698a15aecad8e09f3ee1b46324,10.0,,,,,9600
47645761dc56bb8c2e69442a3fb23e64cca201c0373b5336,340223,M,7513.0,31487d8f256f16bd6244b7251be2ebb24d1db51663c654f58eeed5f04961d5eeef73e89b1e2d40fcc88973eda046db1510c8ba05562110a8ac51982dd14ec9398839be15249e695ec87c9eb75a56ecdd7a9cdce8412fad13,新材料技术开发、技术咨询、技术交流、技术转让、技术推广；橡胶杂品；橡胶零配件制造；再生橡胶制造；塑料制品制造；塑料零件及其他塑料制品制造；网上销售塑料制品；塑料制品销售（依法须经批准的项目，经相关部门批准后方可开展经营活动）。,1100,1130.0,2020-06-22 10:06:02,,6,340223010010000000,400000000000753928,0,0,1,10.0,,,,,,,,,,2367b4cac96d8598,500.0,,,,,1130
f000950527a6feb646b54f7874d7681533f53942a6d9cc08,340202,P,8394.0,31487d8f256f16bd6244b7251be2ebb2ae36cd652943e86c270c6838cc8d89730e4d7bdd88ecc12d9956b88dfc2888c3e6ec4c715dbe15cc4574ced93738974d95fad792cc77eb073c84e0ba3c04fcec2c797502ce8525e3b995ab922d655705,教育技术领域内的技术研发，教育软件开发与销售，计算机系统集成，计算机软件、汽车技术、网络技术、信息技术领域内的技术开发、技术转让、技术咨询、技术服务，教育信息咨询（除营利性民办教育教学培训活动），商务信息咨询，企业管理咨询，市场营销策划，市场调查策划，企业形象策划，会议服务，展览展示服务，境内文化艺术交流活动组织、策划；新能源汽车、摩托车、汽车配件销售，设计、制作、代理、发布广告，电脑图文设计、制作（以上范围涉及前置许可的除外）。（依法须经批准的项目经相关部门批准后方可开展经营活动）,1100,1130.0,2019-04-08 00:00:00,2069-04-07 00:00:00,6,340200000000000000,400000000000386531,0,0,1,3.0,,,,,,,,,,2367b4cac96d8598,5000.0,,,,,1130
f000950527a6feb6ed308bc4c7ae11276eab86480f8e03db,340203,M,7590.0,31487d8f256f16bd6244b7251be2ebb2104d8ea0072d61ed04bab2d5e91246c094bd6e637ecf3aad0042c2cfb2b85fffa69131a2ee1216e336704bc76f3ee83808096c40c5150c9b,生物科技领域内的技术开发、技术服务，健康信息咨询（除医疗），市场调查咨询，会务服务，计算机系统技术服务，计算机数据处理，软件开发，计算机系统集成，计算机网络工程施工。（依法须经批准的项目，经相关部门批准后方可开展经营活动）***,1100,1130.0,2016-02-22,2066-02-21,6,340203010010000000,340200000000100093,0,1,1,,,,,,,,,,,2367b4cac96d8598,500.0,0.0,,,,1130
f000950527a6feb617e8d6ca7025dcf9d765429969122069,340202,R,9051.0,ca213febe80e171c5ab458cd1d4bd3749b98cb4e02076e19e90937cb852a6a008c702e00ec464991c6e986a7608948e7b9823e262bf68a89,建筑装修装饰工程设计、施工，环境艺术设计，建筑材料、装饰材料（除危险化学品）销售、研发，工艺品（除文物）销售，图文设计、制作。（依法须经批准的项目，经相关部门批准后方可开展经营活动）,1100,1130.0,2018-05-24,2068-05-23,6,340200000000000000,400000000000386531,0,1,1,,,,,,,,,,,2367b4cac96d8598,40.0,,,,,1130
f1c1045b13d183295de5542196ec37fb5c6e28b97b167905,340225,O,8111.0,31487d8f256f16bd6244b7251be2ebb227ca54d864983f5d3506d225916e3138c962981597d4b4024f137ffde409eaa579208bdf0f5e76ea369fe65bb1752409c54f9a41562c73ee,汽车修理、汽车美容服务；汽车零件零售（依法须经批准的项目，经相关部门批准后方可开展经营活动）,9600,,2020-05-21 00:00:00,,6,340200000000116788,400000000000745052,0,0,1,1.0,1.0,,,10,,2.0,,,,31487d8f256f16bd6244b7251be2ebb227ca54d864983f5d3506d225916e313810273dc98793f27a7e04c08eb5116a71d36068d3b854a0a3,50.0,,,,,9600
755db3b5c5f74eb48564a8be9d4a9d7038ed96bc2eea645c,340223,O,8113.0,ca213febe80e171c58e357f266a3fa32766ab2f47c5bb1576d44124d9616cfc9206982a909dd5a55b568fad3db9da8f3,电动车零售及维修；电动车配件零售。,9600,,2018-04-08,,6,340200000000112218,340200000000112313,0,1,1,2.0,1.0,,,10,,3.0,,,,31487d8f256f16bd6244b7251be2ebb24d1db51663c654f565ba1abf9b63dca023171543db0631be75ff95417e966bab74285c9b633a41fc,35.0,,,,,9600
d8071a739aa75a3b582859238697138fa8552bf5301ede26,340207,O,8290.0,31487d8f256f16bd6244b7251be2ebb2b55c713be7e2b6d1d62316f2ff3a60c6e1a3b31f5f4941367e7cbed3bf905788fe9bd37c40bc7b0297d232589bb51ae5c91671302631cd34dbfeccc48410869008dc2ada7e75fe49,劳务服务（涉及前置许可的项目除外），建筑垃圾清运服务，物业管理服务，仓储服务（不含危险品），货物装卸，家政服务，保洁服务，园林绿化工程施工，绿化养护。（依法须经批准的项目，经相关部门批准后方可开展经营活动）,1100,1150.0,2019-06-10,2069-06-09,6,340207010010000000,340200000020001917,0,0,1,5.0,,,,,,,1153.0,,,2367b4cac96d8598,50.0,,,,,1153
e9f7b28ec10e0470287f274dd5a327519e74d2eb9506faad,340221,L,7212.0,746df9aaed85785706df2df96d3addcb36f89735d27f31ab5118f2a64d5290f03cba666c8f843b53,交通基础设施建设项目投资；建筑材料、设备采购、销售；苗木采购、销售。（依法须经批准的项目，经相关部门批准后方可开展经营活动）,1100,1110.0,2016-01-15,,6,340221010010000000,400000000000013538,0,1,1,,,,,,,,,,,2367b4cac96d8598,20000.0,,,,,1110
59b38c56de3836835f2a6002365168aa9eccd9b8e81cf5d2,340202,J,6760.0,ca213febe80e171c5ab458cd1d4bd37435f61f2aa44b11cb236552e2358dbf9da38d765198d84d61c339fde47c63d1f1,投资管理、投资咨询。（未经金融等监管部门的批准，不得从事向公众融资存款、融资担保、代客理财等金融服务）（依法须经批准的项目，经相关部门批准后方可开展经营活动）,4500,4530.0,2018-09-21,2048-09-20,6,340202010010000000,340200000020001145,0,1,1,20.0,,3.0,1.0,,,,4533.0,,,2367b4cac96d8598,1100.0,100.0,,,,4533
d8071a739aa75a3b5863ddfcdf66638aa5e2b6fa3e88ac6d,340207,O,8290.0,31487d8f256f16bd6244b7251be2ebb2b55c713be7e2b6d16515a240f870aeee69a5eeaa8e423ba32a399d0176037097e3f471e63530be6aa4fc6d28135a20354a9b3de2fee5551b4c8c2f27be62dda78645d0aacdc7bfac38e90a5573847c15910fa7b29ffff86e6eb5469714862ef5e0a18c48165b101c2b54aeebd485d2c1,机动车安全技术检验，机动车尾气排放检测，机动车综合性能检测，机动车环保检测，机动车安全性能检测。（依法须经批准的项目，经相关部门批准后方可开展经营活动）,1100,1130.0,2019-10-30 00:00:00,,6,340207010010000000,340200000020001917,0,0,1,2.0,,,,,,,,,,2367b4cac96d8598,1100.0,,,,,1130
59b38c56de383683ffa25f4c7617dc6bff2829c68ec36c9e,340202,J,6760.0,ca213febe80e171c5ab458cd1d4bd374317c93127eeefb0fd28c160028851c6976e7a2156fc50b9e777e5a9497fd69a0961677158743b2b77d7faa1a9d73dc50,实业投资、创业投资、投资咨询。（未经金融等监管部门的批准，不得从事向公众融资存款、融资担保、代客理财等金融服务）（依法须经批准的项目，经相关部门批准后方可开展经营活动）,4500,4530.0,2017-07-26,2047-07-25,6,340202010010000000,340200000020001145,0,1,1,5.0,,2.0,1.0,,,,4533.0,,,2367b4cac96d8598,310.0,120.0,,,,4533
f1c1045b13d1832973f6992b3a7c3749a2b38bd92e6e44f2,340225,O,8030.0,31487d8f256f16bd6244b7251be2ebb227ca54d864983f5da11a60e7d55e029a46f0a4d44bd81e11a2d5a60214240dfe9c0540a50794680de20b3b27935b5bdcdd3ad8d6280d3b73,干洗服务；食品销售；农产品网络销售。（依法须经批准的项目，经相关部门批准后方可开展经营活动）,9600,,2019-04-04,,6,340200000000116780,341400000000012804,0,1,1,2.0,1.0,,,10,,3.0,,,,f67c1b92f52ac52e07db236ca6258459c85c61f73a26d00debc1a7b16fae876ac5402c85350cf13561b825a7fd5f0cbe,10.0,,,,,9600
f1c1045b13d183299c7eb7b7cc50500bb79b0df58af030c7,340225,O,8090.0,31487d8f256f16bd6244b7251be2ebb227ca54d864983f5d533d505d4e0d1ec9a4d6553d4439c868f7f1b6346371b63aa4fe635720f130b0,房屋面防水服务。（依法须经批准的项目，经相关部门批准后方可开展经营活动）,9600,,2018-03-30,,6,400000000000324050,400000000000332021,0,1,1,4.0,1.0,,,10,,3.0,,,,31487d8f256f16bd6244b7251be2ebb227ca54d864983f5d533d505d4e0d1ec934dcf6288dc19a8c1535814909f8cc095ee7fc7f5078f6de,100.0,,,,,9600
f000950527a6feb6aab24470ddb892aabfcb6c78801e8c59,340202,M,7590.0,31487d8f256f16bd6244b7251be2ebb2ae36cd652943e86c6a44806c74d10e41a272a4fa15030fd3ae486798fafb44161a6f6d7e7b35762a44160e5d5d5ce28806302618e910419fc5abeb8ef80181bb,"从事汽车技术领域内的技术开发、技术咨询,汽车配件、化工产品（除危险化学品）、建筑材料、机械设备、电子产品、装饰材料（除危险化学品）、五金交电、钢材的销售；机械设备的租赁；商务信息咨询（涉及前置许可的项目除外）。（依法须经批准的项目，经相关部门批准后方可开展经营活动）",1100,1130.0,2018-06-25,,6,340202010010000000,400000000000386531,0,0,1,2.0,,,,,,,,,,2367b4cac96d8598,200.0,0.0,,,,1130
d8071a739aa75a3b3e185d964bb930dc9a3c274cee3521a5,340207,Q,8411.0,31487d8f256f16bd6244b7251be2ebb2b55c713be7e2b6d1d827a5557f0353263cb190ea5d338a3e867438cda2d7311a7078c5ed793e6d2ea65967fc8b0ef5240c50605fe5f6731cb0aa4cac5f84e2ce,医疗服务；第一类医疗器械零售；第二类医疗器械零售；保健辅助治疗器材零售；西药零售；中药零售；销售避孕器具（依法须经批准的项目，经相关部门批准后方可开展经营活动）。,1100,1130.0,2020-08-19 10:51:46,,6,340207010010000000,400000000000753913,0,0,1,2.0,,2.0,,,,,,,,2367b4cac96d8598,500.0,,,,,1130
47e3664e12f3ce74afcef4503c97a1fce7165ba542a3bbd2,340222,N,7820.0,31487d8f256f16bd6244b7251be2ebb27b17bdfd95c8f3b19ffcd2880f506783f085c3c4dd71cbb2e88243c7b90c9680d61b67b5d77df126fcc6ff3ddb1d5379cdbac543fd37277c,"一般固体废弃物收集、运输、处置，城市生活垃圾经营性清扫、收集、运输服务，园林绿化工程，市政道路清扫，保洁服务，高速公路清扫，物业保洁，公厕保洁服务，防虫灭鼠服务，市政管网清淤，河道清淤，道路护栏安装及维护,房屋拆迁工程，金属废料回收、销售，非金属废料回收、销售。（依法须经批准的项目，经相关部门批准后方可开展经营活动）",1100,1150.0,2019-10-10 00:00:00,,6,340222010010000000,340200000020002974,0,0,1,3.0,,,,,,,1151.0,,,2367b4cac96d8598,300.0,,,,,1151
f000950527a6feb614ac1573a3efbd8e66ae21e4585496d1,340202,O,8040.0,31487d8f256f16bd6244b7251be2ebb2ae36cd652943e86c796096c38284d71009df7e8ef90f0c1966c67759a90cc5ab215023725bad591c793c4c4ffd8f89b17e7aa3219f8500483ad2ea8954cd1dcd,美容服务，美容信息咨询。（依法须经批准的项目，经相关部门批准后方可开展经营活动）,1100,1150.0,2018-08-21 00:00:00,2068-08-20 00:00:00,6,340200000000000000,400000000000386531,0,0,1,3.0,,,,,,,1151.0,,,2367b4cac96d8598,10.0,,,,,1151
4a8fc4f3fb4d8a0f2bcf911d98ea36a50f3f98a31c7fc037,340203,O,8290.0,e809b065b68ade6094eea16ee0f39f447e7777ddd221996f2c078450d56f2d41d6b561edc25fed908c93f61145c68759,板材批零及室内装饰装修服务（依法须经批准的项目，经相关部门批准后方可开展经营活动）,9600,,2017-06-28 00:00:00,,6,400000000000552726,340200000020002408,0,1,1,4.0,1.0,,,10,,3.0,,,,ca213febe80e171cb15e82a2cc85b2871dcdb8c66d26a826,10.0,,,,,9600
f000950527a6feb6253f50f16bd8640f3bc1fa52d1fdbe29,340207,L,7299.0,31487d8f256f16bdb06579d53b25cbb6c4a6c18662c495d7091f4b2eda6e37db3ef21361c96155e83cbdc4c4a436c7ac38ff7464d90a116f6bb9e4920510c42e4fb635b18f5122421632b3ed5d1129e07f7e9da50b1e73dd68057ba5cdebcedd9b79911b0380ece061c2507435cb035e0588de052400899b59aed56a9207457e44d87f608d0adfd3dd6028d7f016718bb167bc83216dbf44,资产管理，投资管理，股权投资，实业投资，创业投资，投资咨询。（依法须经批准的项目，经相关部门批准后方可开展经营活动）***,4500,4530.0,2016-08-09,2046-08-08,6,340200000000000000,340200000000100093,0,1,1,5.0,,2.0,1.0,,,,4533.0,,,2367b4cac96d8598,500.0,0.0,,,,4533
e9f7b28ec10e047047e0c9680139c31f55a748cf78de34a5,340221,M,7590.0,746df9aaed857857b1e27f9636ca81537277cc0d41077332956744aff2b7d50fe1c648dd4ad62c403490bf57b139fd9d45e2b669ecce9f39f0d713fb11e1b050,光伏新能源领域内的技术开发、技术服务、技术咨询、技术转让；太阳能光伏电站建设、运维及其电力销售。（依法须经批准的项目，经相关部门批准后方可开展经营活动）,1100,1150.0,2018-10-26,2068-10-25,7,340221010010000000,400000000000245172,0,1,1,15.0,,,,,,,1152.0,,,2367b4cac96d8598,1000.0,,,,,1152
47645761dc56bb8c409e728435500c9a56091bae81827729,340223,M,7499.0,ca213febe80e171c58e357f266a3fa3251ec1c40917cd7c9f76225e3cc4b4c15a9f67049b079b796a8446b0c8184e8da19bb760b69b41e83,环保技术研发、技术咨询、技术服务；室内、车内空气污染检测；空气净化器、家用空气调节器、净水设备、环保节能材料、空气净化材料、室内环保用品、室内清洁用品销售；光触媒产品的研发及销售。（依法须经批准的项目，经相关部门批准后方可开展经营活动）,1100,1150.0,2018-06-25 00:00:00,2028-06-24 00:00:00,6,340223010010000000,340200000020002341,0,1,1,1.0,,,,,,,1151.0,,,2367b4cac96d8598,100.0,,,,,1151
beb4aaaa89e0a0ae8ea2d29a1b6a0529485d4a0298365d82,340202,O,8290.0,31487d8f256f16bd6244b7251be2ebb2ae36cd652943e86c0710862f2b3e2873174cf013962d1711da04740681f700202fefde0eb8d0cdcf096355e2d1f1a2d368c58e8d64b25ef3,房产中介服务。（依法须经批准的项目，经相关部门批准后方可开展经营活动）,9600,,2018-09-28,,7,340200000000112189,340200000000112998,0,0,1,4.0,1.0,,,10,,3.0,,,,31487d8f256f16bd671fbf4dd99459333b59c84968d9899abf57215d7fa0394aed8d1effbf3abf16a236de766909e2fbbcf34638c4e5314ae8316a19fbb29f96,10.0,,,,,9600
82750f1b9d1223508562c25a4ba13748fce53b07a66034b7,340208,M,7519.0,31487d8f256f16bd6244b7251be2ebb2918919c75535b4acecd952004b0eed852e5c7498d4252017e9f205ae217a07a0bbac5588e3874a90c82c1c120e0e5b9be52f49af68c9d2d55812d19da78f009dfbf64c786d8046cae2f1888213e60425f30a110c56e8a7ca,环保科技领域内的技术研发、技术咨询、技术服务、技术转让；环境污染治理方案设计；环境工程设计及施工；项目节能评估咨询；污水处理成套设备、膜组件的研发、生产和销售；水污染治理；大气污染治理；土壤修复与治理；海水淡化技术研发；环境监测技术咨询；室内外环境检测与治理；环保设备、机电设备、仪器仪表、电子产品的设计、研发、销售、安装；环保材料的开发、销售；聚乙烯塑料网、聚丙烯塑料网、土工格栅、三维网、滤芯过滤网、导流网生产及销售。（依法须经批准的项目，经相关部门批准后方可开展经营活动）,1100,1150.0,2019-10-10 00:00:00,,6,340206010010000000,340200000000113466,0,0,1,2.0,,,,,,,1151.0,,,2367b4cac96d8598,501.0,,,,,1151
d8071a739aa75a3b53464f407792fea1ebedce7d99f3bbd8,340207,M,7492.0,31487d8f256f16bd6244b7251be2ebb2b55c713be7e2b6d123f6feac7de655ccf27dea805d1b5381bb79cc6c927a56374c402d443571c311cdcf530e8daeccfcb7319b3356ae8e7ef3e7256f8e01c732,图文设计、制作；工业设计服务；专业设计服务；模型设计；机械设备设计（依法须经批准的项目，经相关部门批准后方可开展经营活动）。,1100,1150.0,2020-08-28 12:18:19,,6,340207010010000000,400000000000753913,0,0,1,3.0,,1.0,,,,,1151.0,,,2367b4cac96d8598,100.0,,,,,1151
516ab81418ed215d9117558922a947fb7ce719d66be92960,340225,M,7511.0,31487d8f256f16bd6244b7251be2ebb227ca54d864983f5d64b965752454766097d79a389afe7571008fd896a63eb88f05b8c5ba3e3fe9942a33df52a5fa769fa6c91d64d6769e3f,农业技术研发及推广；茶叶、油茶、毛竹、中草药、经果林种植、采摘、销售；畜禽、特种动物（国家重点保护动物除外）林下养殖；淡水产养殖；粮油制品、水产品、生态米采购、销售；生态休闲观光、餐饮、农业观光、产品展示服务；园林绿化工程设计及施工。（依法须经批准的项目，经相关部门批准后方可开展经营活动）,1100,1130.0,2019-10-31 00:00:00,,6,340200000000116750,400000000000688524,0,0,1,2.0,,,,,,,,,,2367b4cac96d8598,600.0,,,,,1130
4a8fc4f3fb4d8a0f2ce5a90e581a6adbaa82191110db4834,340203,O,8040.0,ca213febe80e171cf62c2ed671ebb5cb55410686ad64ae510155b335f23fa97932090dc655243338bbe6fd44f9391e08,美容美甲服务，护肤品销售。（依法须经批准的项目，经相关部门批准后方可开展经营活动）,9600,,2019-05-13 00:00:00,,7,340250000000005144,340250000000005160,0,1,1,2.0,1.0,,,10,,3.0,,,,2367b4cac96d8598,12.0,,,,,9600
9c7fa510616a6830524137e997703e0b75ab058cd7bdcc5a,340222,O,8090.0,31487d8f256f16bd6244b7251be2ebb27b17bdfd95c8f3b19ffcd2880f506783185d7f7a39b7d56bfbe2f7890450d28d299b699030f45ead,电脑制版服务，电脑、办公耗材、不干胶材料销售。（依法须经批准的项目，经相关部门批准后方可开展经营活动）,9600,,2019-01-03 00:00:00,,6,340222060010000000,340200000000112114,0,1,1,1.0,1.0,,,10,,3.0,,,,31487d8f256f16bd6244b7251be2ebb27b17bdfd95c8f3b19ffcd2880f506783bee75565895bdbb5,10.0,,,,,9600
ed38190adf12fcebce93dc1a8b001cafeaac0ba025c1596e,340200,O,8290.0,4584ebf59d03a95bc1757937a913c61e46e87c5fca94a4d1768ac5a21a28616f9914347db71747b4939626c1f4a371bb6a7c5a22d930665d,汽车清洗、美容、维修、保养服务。（依法须经批准的项目，经相关部门批准后方可开展经营活动）,9600,,2019-12-18 00:00:00,,6,340200000000112170,400000000000265802,0,0,1,6.0,1.0,,,10,,3.0,,,,31487d8f256f16bd6244b7251be2ebb210b4e8f49f9331b06e5ac18f6755bccf2afabb6f4702808ea0a90faa1c487119d72f4bf01f85cb79e401d16909f566e9d2480e27f7d5d67b,50.0,,,,,9600
f000950527a6feb6a96858239b4f67f0cb703e06e056f371,340202,L,7299.0,31487d8f256f16bd6244b7251be2ebb2ae36cd652943e86cd193c5e9f78d6fda5644885fa235c1c020c6ac240d00d1af0873457607237ec9a591f57efc697e010bc34699bad1dafa18b6469fd3786617cfdb34aaac3cb2fd3960f27ac8597868,投资管理，投资咨询（证券、期货咨询除外），企业管理及咨询。（依法须经批准的项目，经相关部门批准后方可开展经营活动）,1100,1150.0,2016-10-24,,6,340200000000000000,340200000000100093,0,1,1,,,,,,,,1153.0,,,2367b4cac96d8598,100.0,0.0,,,,1153
216bd2aaf4d079243be11f25a29ccd296bbfc52e13d4ef59,340203,R,9059.0,31487d8f256f16bd6244b7251be2ebb2104d8ea0072d61edb63097fee0768e73e93bd70263494737852da7637f5df3f17f2df4f357d6f33fb44bccfed10256fced92f8703d9d763d,"设计、制作、代理、发布各类广告，舞台设计、搭建,公关活动组织、策划,会务服务，展览展示服务，文化艺术交流活动组织策划，礼仪服务，市场营销策划、品牌策划、品牌推广，影视策划及制作；演出经纪；电影发行；摄影摄像服务，庆典礼仪服务，广告器材租赁，舞台视听设备、广告器材销售；展览展示会务服务；图文广告设计，工艺礼品设计，网站建设，建筑工程、市政工程、园林绿化工程施工。（依法须经批准的项目，经相关部门批准后方可开展经营活动）",1100,1150.0,2019-11-06 00:00:00,,6,340203010010000000,400000000000705891,0,0,1,3.0,,,,,,,1151.0,,,2367b4cac96d8598,500.0,,,,,1151
da8691b210adb3f6334a7abb56fbae858620b23304f160b5,340207,O,8051.0,4045f72b07b6d8805745e1d78e85a7cc20d8424dc255a420ecf22d4d4f37d3c58e60e14a906206c4,浴室服务，日用百货零售，香烟零售。（依法须经批准的项目，经相关部门批准后方可开展经营活动）,9600,,2014-11-05,,6,340207060010000000,340200000020003438,0,1,1,1.0,1.0,,,10,,3.0,,,,2367b4cac96d8598,20.0,,,,,9600
d8071a739aa75a3b39a3135e50f10cd6069a1d7b308ea3d6,340207,M,7519.0,31487d8f256f16bd6244b7251be2ebb2b55c713be7e2b6d1d827a5557f0353263cb190ea5d338a3e867438cda2d7311abd8c65d94e7e303066ebe564dcc080fd7d2fd125361806945f32f92be476b0f2740730eac226853f,机电设备技术领域内的技术咨询、技术服务；电子设备的研发、生产、销售；防锈材料(危险化学品除外)、机电设备、刀具、五金工具、汽车配件、建筑材料（除危化品）、装潢材料（除危化品）、办公用品、劳保用品、日用百货、包装材料、包装制品、环保设备、金属材料(除贵金属)、塑料制品、太阳能设备及配件、服装及纺织原料、化工原料及产品(除危险化学品)的销售；环保设备制造；机械设备生产；货物及技术进出口（国家禁止或涉及行政审批的货物和技术进出口除外）；润滑油、金属加工液（除危化品）的研发、生产、销售(以上范围涉及前置许可的除外)；广告设计、制作、发布、代理；机电工程、消防设施工程、建筑工程施工；房地产开发；道路普通货运。（依法须经批准的项目，经相关部门批准后方可开展经营活动）,1100,1150.0,2019-12-02 00:00:00,2069-12-01 00:00:00,6,340207010010000000,340200000020001917,0,0,1,2.0,,,,,,,1151.0,,,2367b4cac96d8598,50.0,,,,,1151
47645761dc56bb8c9cf4307e6927e265abd90cc69d8a52f4,340223,P,8393.0,31487d8f256f16bd6244b7251be2ebb24d1db51663c654f565ba1abf9b63dca0ddaf24dba34edc5e76765254743939a767deed63e9c45426e9ee48f4d50f078bd27fa5a0bad3b0337e6af6f0a95884d4cc2612cc73d9d758,教育信息咨询（不含营利性民办教育教学培训活动），户外拓展活动、文化艺术交流活、活动策划组织服务，文化用品、体育用品、健身器材、服装销售。（依法须经批准的项目，经相关部门批准后方可开展经营活动）,1100,1130.0,2018-12-11 00:00:00,,7,340223010010000000,340200000000112413,0,0,1,5.0,,,,,,,,,,2367b4cac96d8598,100.0,0.0,,,,1130
e9f7b28ec10e0470456acb73d91e22d632144eec10b05721,340221,R,8890.0,31487d8f256f16bd6244b7251be2ebb210b4e8f49f9331b0b6ce0757e2037f0f8eb95bfa5ff0dfc1cf417248b5743655f401cf8757ea0f9d6ce1c0b8c35bc0f0dfa32de9cc19b56e5d839e679a0b880f9bffd9048a1ad5d0ffd7122b000e3cbdc606a7986b7f2903,广告设计、制作、发布、代理；大型庆典活动策划、组织服务；电脑动画设计；体育赛事活动组织策划；企业形象策划咨询；市场营销策划；摄影摄像服务；礼仪服务；开业典礼礼仪服务；翻译服务；展览展示服务；会务服务；文化艺术交流活动组织策划；演出经纪；文艺创作与表演；舞台艺术创作服务；舞台表演化装服务；舞台灯光设备租赁；舞台道具服装出租；广告制作服务（依法须经批准的项目，经相关部门批准后方可开展经营活动）。,1100,1150.0,2020-07-01 12:11:22,2070-07-01 12:11:20,6,340221010010000000,400000000000753925,0,0,1,2.0,,1.0,,,,,1151.0,,,2367b4cac96d8598,100.0,,,,,1151
d8071a739aa75a3b192bea0840fd18104e7d08ea781e8e1a,340207,M,7511.0,31487d8f256f16bd6244b7251be2ebb2b55c713be7e2b6d1d62316f2ff3a60c6e5297e66c0207483661607f0be0402df45401fb2721c28e2f32ef0e4a83a76e42e31a38ccbefe211,生态农业技术研发；水产养殖技术开发、技术咨询、技术交流、技术转让、技术推广、技术服务；内陆养殖；种植技术开发、技术咨询、技术交流、技术转让、技术推广、技术服务；蔬菜种植；果树种植；农业种植采摘观光、农事体验活动（依法须经批准的项目，经相关部门批准后方可开展经营活动）。,1100,1130.0,2020-09-14 13:46:17,,6,340207010010000000,400000000000753913,0,0,1,3.0,,,,,,,,,,2367b4cac96d8598,6000.0,,,,,1130
755db3b5c5f74eb46a9abdca3e43a99d07c4aacee3d2cb0d,340223,O,8090.0,ca213febe80e171c14529f04891b82be40c2c76b8065f0590516198101eff1aa65da0e421a6a2aa48f189489a14c5025,汽车信息咨询服务（依法须经批准的项目，经相关部门批准后方可开展经营活动）。,9600,,2017-10-13,,7,340200000000112218,340200000000112313,0,1,1,3.0,1.0,,,10,,3.0,,,,31487d8f256f16bd6244b7251be2ebb24d1db51663c654f565ba1abf9b63dca0336f22d9ccd9a31f429b604662c6f97937dad0b2d291bb2d8e637ea73128eb51,10.0,,,,,9600
59b38c56de38368337c02379fdffc96b88f8609224b95bbd,340200,R,9013.0,ca213febe80e171c5ab458cd1d4bd3749006fd6fb45917eb1c22eddec928898100458971e85ebcd428f656a6964c89b92a6d621a7967e6d0b19051ffb170bfdd,互联网上网服务、预包装食品零售、小餐饮服务。（依法须经批准的项目，经相关部门批准后方可开展经营活动）,4500,4540.0,2015-11-13 00:00:00,,6,340202010010000000,340200000020001145,0,1,1,10.0,,,,01-以个人财产出资,,,,,,2367b4cac96d8598,100.0,,,,,4540
216bd2aaf4d079246cf25050093c7319f519fbc84bdf5e27,340203,O,8090.0,31487d8f256f16bd6244b7251be2ebb2104d8ea0072d61edd6f3a7b8dfae6ede3c6ee87906eaed98d45d289a32eb34a52bde99ac9701cf08696fb76aafabbe33,建筑劳务服务（涉及前置许可的除外）；建筑工程机械租赁；建筑材料（除危化品）销售。（依法须经批准的项目，经相关部门批准后方可开展经营活动）。,1100,1150.0,2019-09-10 00:00:00,,6,340203010010000000,400000000000432718,0,0,1,3.0,,,,,,,1151.0,,,2367b4cac96d8598,100.0,,,,,1151
d8071a739aa75a3be4b1e02a8207252f5ce90fd8a8a2eb0f,340207,O,8290.0,31487d8f256f16bd6244b7251be2ebb2b55c713be7e2b6d10feb4a887af2f4d46d1d346e93812ba8a7224938d1a9bb9365487b03ff17e8c0e38d2904edb5d5ecffd5842719fb933881c190c4291edf4ee932dc2c39ebecdfb0f4f983ba6d94d7f2d07cbbcbb9efeec090bfbbd1957b6b,劳务服务（涉及前置许可的项目除外）；建筑劳务分包；网上从事劳务信息咨询服务；城市园林绿化工程；一般货物装卸搬运活动；人才中介（依法须经批准的项目，经相关部门批准后方可开展经营活动）。,1100,1150.0,2020-03-16 15:08:00,,6,340207010010000000,400000000000753913,0,0,1,2.0,,,,,,,1151.0,,,2367b4cac96d8598,100.0,,,,,1151
755db3b5c5f74eb4ae35ba75629b0e38f837653d747278ba,340223,O,8052.0,ca213febe80e171c58e357f266a3fa3251ec1c40917cd7c9ba573d24f07ad54cea5bc7c46d68fed9ff3ad860503603ae7c81b713cd388adcd4f0791592e0740d,足浴、按摩服务。（依法须经批准的项目，经相关部门批准后方可开展经营活动）,9600,,2018-04-24,,6,340200000000112220,340200000000112325,0,1,1,5.0,1.0,,,10,,3.0,,,,2367b4cac96d8598,30.0,,,,,9600
82750f1b9d122350ca3a33dc395c5472f7182c5e446b34d7,340208,M,7590.0,31487d8f256f16bd6244b7251be2ebb2918919c75535b4acecd952004b0eed8570d80b9f05a69fd20029d2519e06685b7bec8d6c1346eeac,非标工业自动化设备的技术开发、技术转让以及制造、销售；机电设备、机械设备、数控设备的研发、设计、制造、维修及销售；起重机及备件的销售、安装、维修与技术服务；承接各类数控机床的维修、机床及机床配件、五金件的销售；机械零部件、金属材料（除贵金属）、各类工装、夹具、检具的加工；装饰工程及弱电、网络、安防监控设备的安装。（依法须经批准的项目，经相关部门批准后方可开展经营活动）***,1100,1130.0,2017-08-13 00:00:00,2047-08-12 00:00:00,11,340206010010000000,340200000020001665,0,1,1,,,,,,,,,,,2367b4cac96d8598,500.0,,,,,1130
beb4aaaa89e0a0aebbe01749016147410c9609852fa28258,340202,R,8930.0,ca213febe80e171c5ab458cd1d4bd374ba59521476a914f8d77aebdafb60815ebe52fa1366d4468c0aa0ac2eaa728a039f6c1a21ef64b107,棋牌服务，香烟零售，预包装食品销售。（依法须经批准的项目，经相关部门批准后方可开展经营活动）,9600,,2019-06-12,,6,340200000000112191,340200000000112956,0,1,1,2.0,1.0,,,10,,3.0,,,,31487d8f256f16bd6244b7251be2ebb2ae36cd652943e86c5ea1c98ac116ab2d49bd7bfb2a8ef9a9eb19028c298e17e234523b1e2b9aa1ea62d4d091edcc15520c2d5bee9390a5a2,15.0,,,,,9600
d8071a739aa75a3b4634331153e4228e5f2196ccb2568ad5,340207,O,8090.0,31487d8f256f16bd6244b7251be2ebb2b55c713be7e2b6d1ef4883e61ee1aeef25ba48471ddf627d52a57fe36a07e2f2f02affa0d04887576bb1a78fa6adbf64,外墙清洗、石材翻新、工程保洁、开荒保洁、防水工程。（依法须经批准的项目，经相关部门批准后方可开展经营活动）***,1100,1150.0,2015-11-16,2065-11-15,7,340207010010000000,340250000000008405,0,1,1,,,,,,,3.0,1151.0,,,2367b4cac96d8598,50.0,,,,,1151
59b38c56de3836838a5233da7889700a22933d4758051aac,340202,R,8890.0,31487d8f256f16bd6244b7251be2ebb2ae36cd652943e86ce2f20980335f6db171733322522f15c6dd42efadb12dc4e8371fef37e03403dedd21a5676691ef5a91584397f00b7d6d,（境内）文化艺术交流活动组织策划；舞台造型设计；企业形象设计；市场营销策划；图文设计、制作(限分支机构持证经营)；会务服务；互联网科技领域内的技术服务、技术咨询；广告设计、代理、发布;销售食品（依法须经批准的项目，经相关部门批准后方可开展经营活动）,1100,1130.0,2019-09-16 00:00:00,,6,340202010010000000,340200000020001023,0,0,1,2.0,,,,,,,,,,2367b4cac96d8598,10.0,,,,,1130
4a8fc4f3fb4d8a0f3a3f6618932ae0deabc2c963f6e1c5ae,340203,O,8040.0,ca213febe80e171cf62c2ed671ebb5cb95ab2bbd7a1887a36404cbc711e0bafef6e50339fb41b4cdb5470d8bbb0904d72fbef05001593856a89c6448afaaa3d1,美发、美甲、化妆服务，饰品销售（依法须经批准的项目，经相关部门批准后方可开展经营活动）**,9600,,2019-04-11,,6,340203020010000000,340200000020002193,0,1,1,10.0,1.0,,,10,,3.0,,,,2367b4cac96d8598,35.0,,,,,9600
47645761dc56bb8c6fd9e2e6e6688c7daabcecb25e15a969,340223,M,7511.0,ca213febe80e171c58e357f266a3fa3251ec1c40917cd7c9d30f3f52b6f093ec1431fe7760214357,农业技术开发；引进推广应用；农业病、虫、草、鼠、害防治咨询服务；种子、农药、化肥、农膜、农业机械、植保无人机、农产品、农副产品销售及互联网销售；厨房用品、日用百货销售及互联网销售。（依法须经批准的项目，经相关部门批准后方可开展经营活动）,1100,1150.0,2018-09-06 00:00:00,,6,340223010010000000,340200000020002341,0,1,1,1.0,,,,,,,1151.0,,,2367b4cac96d8598,50.0,,,,,1151
8f19388cfd6e2b9c65930586f2bb6d24dd3b5b0b0da41d69,340221,O,8290.0,31487d8f256f16bd6244b7251be2ebb210b4e8f49f9331b0ab5741bea91606d9f42620fe82d891701e0d4018709b564e1ef0ec2f03b120e8,建筑材料销售；门窗制作及销售；工程机械租赁；提供屋顶防水服务；提供绿化服务。（依法须经批准的项目，经相关部门批准后方可开展经营活动）,9600,,2017-08-07,,7,340221070010000000,340200000020003662,0,0,1,2.0,1.0,,,10,,3.0,,,,746df9aaed857857b1e27f9636ca8153512d6dcbfff95719,10.0,,,,,9600
9c7fa510616a68309f6abc715074eb6cc593afd8f23ae7d2,340222,O,8090.0,31487d8f256f16bd6244b7251be2ebb27b17bdfd95c8f3b19ffcd2880f506783186e93387a7891a17ef174821bc53338cbf38b151a5c724b434a8c37169714ce,室内装修服务，室内装修材料、家具、家用电器零售。（依法须经批准的项目，经相关部门批准后方可开展经营活动）,9600,,2019-01-10 00:00:00,,6,340222060010000000,340200000000112114,0,1,1,2.0,1.0,,,10,,3.0,,,,31487d8f256f16bd6244b7251be2ebb27b17bdfd95c8f3b19ffcd2880f506783bee75565895bdbb5,80.0,,,,,9600
f000950527a6feb6d340f91da09e61347d8200cd2f0d1602,340202,M,7340.0,31487d8f256f16bd6244b7251be2ebb2ae36cd652943e86c796096c38284d71009df7e8ef90f0c194ee646ba6f63d7f9c33aff520da487f5249a5da7dc38e97c,医疗器械领域内的技术研发，医疗信息咨询（除医疗诊断），一类、二类、三类医疗器械销售，药品经营，化工产品（除危险化学品）销售，广告发布。（依法须经批准的项目，经相关部门批准后方可开展经营活动）,1100,1150.0,2017-06-16,2067-06-15,6,340202010010000000,400000000000386531,0,0,1,,,,,,,,1151.0,,,2367b4cac96d8598,100.0,,,,,1151
9c7fa510616a68303f06aeb96201299ec81a38f1f3d49cac,340222,O,8090.0,31487d8f256f16bd6244b7251be2ebb27b17bdfd95c8f3b19ffcd2880f506783680679aa9c4ab42d30d577d2cefb17fc8cb659334fe10b21652d46ce0ede3f8128abf2659c3a1c5fb9508417d0c93fad,婚纱摄影服务、婚礼摄影服务。（依法须经批准的项目，经相关部门批准后方可开展经营活动）,9600,,2017-02-15,,6,340222060010000000,340200000020003303,0,1,1,5.0,1.0,,,10,,3.0,,,,31487d8f256f16bd6244b7251be2ebb27b17bdfd95c8f3b19ffcd2880f506783bee75565895bdbb5,20.0,,,,,9600
da8691b210adb3f6df1803393a80523a9ca0916b22e7672b,340207,O,8090.0,ca213febe80e171c3b9617e39b49d64e2192202c5cfca15e4534955ce24201803c57b3845b70f1286b072d674934bfc9f67ac40ce8ad2cbd0dd392b29029d5abf9d9de7eac22266ed98aa8456bf7c350,废品回收（废旧金属除外）。（依法须经批准的项目，经相关部门批准后方可开展经营活动）,9600,,2019-07-29 00:00:00,,6,340200000000116794,341400000000011666,0,1,1,1.0,1.0,,,10,,3.0,,,,31487d8f256f16bd4431629a9e8d1624c66bbff665de0bd560c30b16313643c644ff6cb025ed889c228445e75f71441900b0aa6bc3408374e883fcebc06e4bcfe71a73cdabd79fd0,50.0,,,,,9600
8f19388cfd6e2b9ca4367e8b7211303a311dbc6eabdbdf65,340221,O,8090.0,ca213febe80e171c14529f04891b82be1733ade52ffee1fca604f52f4c255877b996520fff4600f145ec7feb419114a3bf4c269e72708b2e71f26433f9f1b1a3c0ae57888e78d56e,美甲服务**,9600,,2019-03-01,,6,340200000000111729,340200000000111743,0,1,1,3.0,1.0,,,10,,3.0,,,,2367b4cac96d8598,10.0,,,,,9600
516ab81418ed215dd3ea1c4dc418b576171719213e905de5,340225,M,7499.0,31487d8f256f16bd6244b7251be2ebb227ca54d864983f5dac23e7472a29b6d300441e44e655411c903fff923f1a40346fe089aa35716d80,网络信息咨询；网络工程维修维护；软件设计与开发，游戏开发，系统集成、网络工程开发；企业信息化配套服务；网络技术培训；网络营销推广。（依法须经批准的项目，经相关部门批准后方可开展经营活动）,1100,1150.0,2015-10-08,,7,340200000000116750,340250000000005382,0,1,1,,,,,,,,1151.0,,,2367b4cac96d8598,500.0,,,,,1151
216bd2aaf4d079243c92fb561e589f87e32cdab4df944752,340203,R,8890.0,31487d8f256f16bd6244b7251be2ebb2104d8ea0072d61ed7d9ebbea2cfe33321e56cdf538c3d489f0dadd67f6cf5b492461dd016de074d542c61602f9c98ec1848b1030498ca440294b23e68795cbc9,"组织策划境内文化艺术活动,设计、制作、代理国内外各类广告，广告牌、标志标牌、灯箱、展架、展柜设计、制作，平面设计、制作，网站运营，展示展览服务，室内外装饰工程设计、施工，企业形象策划，企业营销策划，摄影服务，公关服务，庆典礼仪服务，工艺品（除文物）、旅游纪念品、家具、文化用品销售及咨询（依法须经批准的项目，经相关部门批准后方可开展经营活动）",1100,1150.0,2019-08-29 00:00:00,,6,340203010010000000,400000000000705891,0,0,1,3.0,,,,,,,1151.0,,,2367b4cac96d8598,100.0,,,,,1151
d8071a739aa75a3b98d50f51d77b3bc174646cd50aacebcf,340207,M,7519.0,31487d8f256f16bd6244b7251be2ebb2b55c713be7e2b6d10feb4a887af2f4d46d1d346e93812ba8a7224938d1a9bb9365487b03ff17e8c0e38d2904edb5d5ecffd5842719fb93387023a5ec2603f8880a000053700a3547d1365479e1107d4c10d29328fe8d2293ee220b7dcde9984c,网络科技领域内的技术咨询、技术服务、技术转让；计算机软硬件开发、销售；企业管理咨询；网站建设；网页设计；广告制作、代理、发布；电子商务信息咨询。（依法须经批准的项目，经相关部门批准后方可开展经营活动）,1100,1130.0,2019-11-06 00:00:00,,6,340207010010000000,340200000020001917,0,0,1,3.0,,,,,,,,,,2367b4cac96d8598,500.0,,,,,1130
d8071a739aa75a3b987a2915a7b4d28ff3dff9fc0ebba353,340207,M,7590.0,31487d8f256f16bd6244b7251be2ebb2b55c713be7e2b6d194ff608102497400d5947537f590843586cf7062614293b140ba9a464a4b3ffe8bcc2df0c1edb77e0d3bfbcb5077f760f68cb39304ad7211287c65892e0956514b0cb8315560f91b,第二类增值电信业务中的信息服务业务（不含固定网电话信息服务和互联网信息服务），通讯技术服务（涉及前置许可的除外），计算机数据库建立，商务信息咨询，企业管理咨询，电子产品、计算机软硬件的技术开发与销售；信息系统集成及服务；互联网信息服务；通讯技术开发、技术咨询、技术转让、技术服务；代理、发布广告；计算机数据处理（数据处理中的银行卡中心、PUE值在1.5以上的云计算数据中心除外）；基础软件服务；第二类增值电信业务中的国内呼叫中心业务。(依法须经批准的项目，经相关部门批准后方可开展经营活动）（依法须经批准的项目，经相关部门批准后方可开展经营活动）,1100,1150.0,2018-08-24 00:00:00,2068-08-23 00:00:00,6,340207010010000000,340200000020001917,0,1,1,2.0,,,,,,,1152.0,,,2367b4cac96d8598,1000.0,,,,,1152
beb4aaaa89e0a0ae294e4fac1525841afae587b835b07be8,340202,O,8052.0,ca213febe80e171c5ab458cd1d4bd37466479d0ad803e9bc9d43906ebf9b1da7234707159d47c44aec38b4b0b55b1cd7e1048c7136bad9a51fc4675387a4c3df,足浴、洗浴、按摩服务。（依法须经批准的项目，经相关部门批准后方可开展经营活动）,9600,,2018-12-25,,7,340200000000112185,340200000000118636,0,0,1,10.0,1.0,,,10,,3.0,,,,2367b4cac96d8598,60.0,,,,,9600
d8071a739aa75a3b3dd2fc71ae50436afcaec1dd528cfa4f,340207,M,7590.0,31487d8f256f16bd6244b7251be2ebb2b55c713be7e2b6d161ae9554e1848cdac64621a584d3ded8a86c24ec5ced60d668f8dc97026bb73a20fb7ce08e086bd46c215812df90c1d5,新型环保包装材料的研发、生产、销售，其他印刷品印刷，木制品、泡塑制品、塑料制品、缠绕膜、胶带、包装袋、纸制品、珍珠棉制品、金属制品销售。（依法须经批准的项目，经相关部门批准后方可开展经营活动）,1100,1130.0,2018-06-14,2048-06-13,6,340207010010000000,340200000020001917,0,0,1,8.0,,,,,,,,,,2367b4cac96d8598,200.0,,,,,1130
47645761dc56bb8c8116c9bd0e55c3df666ebcd3c5e63e8a,340223,R,9020.0,ca213febe80e171c58e357f266a3fa32fc98076d890345a9cd36a0640d34eb50e575aebce9b6449d,水上游乐服务；餐饮服务、食品销售。（依法须经批准的项目，经相关部门批准后方可开展经营活动）,1100,1130.0,2017-12-28,,6,340223010010000000,340200000020002341,0,1,1,,,,,,,,,,,2367b4cac96d8598,1000.0,,,,,1130
ed38190adf12fceb07b1561b4578bf81b041440886202b9b,340200,O,8090.0,4584ebf59d03a95bc1757937a913c61e46e87c5fca94a4d1e1ea7c534149ee0785bfa469bf2cac8569775bd01731a6695f583976154a41c0e9b68346aeab6a5cef3dd63a321db21f,瑜伽健身服务。（依法须经批准的项目，经相关部门批准后方可开展经营活动）,9600,,2018-01-24,,6,340200000000112170,400000000000265802,0,1,1,2.0,1.0,,,10,,3.0,,,,2367b4cac96d8598,10.0,,,,,9600
47645761dc56bb8cc7f3f0094d90a2c90870b75d48dd4769,340223,M,7511.0,31487d8f256f16bd6244b7251be2ebb24d1db51663c654f55b75cd8876e0c5ab874592fbd07f4cb4839e92681e3055088e4d8e0a12fb47fde5d81632ec209748,内陆水产养殖；淡水养殖鱼苗；淡水鱼养殖；池塘垂钓休闲活动；稻谷种植；蔬菜种植；豆类作物种植；鸡的饲养；鸭的饲养；其他家禽饲养；水产养殖技术开发、技术咨询、技术交流、技术转让、技术推广、技术服务；水产学研究服务；水产品市场管理服务（依法须经批准的项目，经相关部门批准后方可开展经营活动）。,1100,1150.0,2020-05-28 13:54:07,,6,340223010010000000,400000000000753928,0,0,1,7.0,,,,,,,1151.0,,,2367b4cac96d8598,120.0,,,,,1151
755db3b5c5f74eb420177ba950fcf27c4ed88b996c9a81e1,340223,O,8290.0,ca213febe80e171c58e357f266a3fa32fc98076d890345a9a40b8ab02e3dc27062344d24a6f795b9773825b72cde36f9,承接防水工程；防水材料；其他不涉及前置许可项目的一般经营。（依法须经批准的项目，经相关部门批准后方可开展经营活动）,9600,,2020-04-21 00:00:00,,6,340223070010000000,340200000020002750,0,1,1,2.0,1.0,,,10,,3.0,,,,2367b4cac96d8598,10.0,,,,,9600
59b38c56de383683d2368be35a14e614a3131c2908a486fa,340202,M,7474.0,31487d8f256f16bd6244b7251be2ebb2ae36cd652943e86c39d9de3e07fce8aa017878b3f455e2b2c69d2441ec31fbf3f5513c96f6b56a3996e19173a64519000709c6bf25c7581a24e94d1be8ea4f4162758c497b1216112a909fadbfe656b6,钻井工程施工；地质勘察；钻井机械加工、维修、租赁；建筑工程施工；绿化工程施工、养护；劳务服务（涉及前置许可的除外）。（依法须经批准的项目，经相关部门批准后方可开展经营活动）。,1100,1150.0,2020-03-06 00:00:00,,6,340202010010000000,340200000020001023,0,0,1,5.0,,,,,,,1151.0,,,2367b4cac96d8598,100.0,,,,,1151
e9f7b28ec10e04701c5cd9b2c3f4e7761b1edaea4bac3842,340221,R,8890.0,746df9aaed85785706df2df96d3addcba838ac8e56cc876b366fcded4ab5b96f15398519286bc59d17d2f814dfc45d93,境内文化艺术交流活动策划；信息科技、计算机软硬件、网络科技领域内的技术开发、技术转让、技术咨询、技术服务；商务信息咨询；企业管理咨询；展览展示服务；市场营销策划；图文设计；广告设计、制作；摄影服务；文化用品、工艺品（除文物）、日用百货销售；出版物批发、零售；广播电视节目制作。（依法须经批准的项目，经相关部门批准后方可开展经营活动）,1100,1130.0,2018-09-17 00:00:00,2068-09-16 00:00:00,6,340221010010000000,400000000000263038,0,0,1,5.0,,,,,,,,,,2367b4cac96d8598,100.0,,,,,1130
59b38c56de3836830100dd21f629888a96a19a361ab069ca,340202,R,9059.0,31487d8f256f16bd6244b7251be2ebb2ae36cd652943e86c796096c38284d7105a5029445f6e78bcb0ff783148fd63febc2a6fd98808e6adc12b921f99d3ffa4cf43dcad64ad9e295bf526a49e0a71ed8690924676a07d72,境内文化艺术交流活动策划；广告设计、制作；商务信息咨询（涉及前置许可的除外）；企业管理咨询；市场营销策划；企业形象策划；办公用品、办公家具销售；室内娱乐服务；桌游相关产品销售及信息咨询服务。（依法须经批准的项目，经相关部门批准后方可开展经营活动）,1100,1130.0,2019-07-30 00:00:00,,6,340202010010000000,340200000020001023,0,0,1,3.0,,,,,,,,,,2367b4cac96d8598,50.0,,,,,1130
f000950527a6feb6280ef2b5fc58260228efb44b1b9b5536,340202,M,7515.0,31487d8f256f16bd6244b7251be2ebb2ae36cd652943e86cda7ea611ae3ed865cbb916f50a79a8a0016e1db385cabb69b040d5be809cace6554431ff5223bda0d0913fe773ccad1892b58e877bbea33d70f91c0f0d737a4828a9eca943ccdcbd,废料发电，新能源技术领域内的技术研发，再生资源回收（不含固体废物、危险废物、报废汽车等需经相关部门批准的项目），建筑材料、化工产品(除危化品)、金属材料（除贵金属）、煤炭、矿产品、五金机电、机械设备及配件加工、销售。（依法须经批准的项目，经相关部门批准后方可开展经营活动）,1100,1130.0,2019-04-18 00:00:00,,6,340200000000000000,400000000000283237,0,0,1,2.0,,,,,,,,,,2367b4cac96d8598,550.0,0.0,,,,1130
9c7fa510616a6830794bc8e474483ffa852a93d3b1ffeb19,340222,O,8090.0,31487d8f256f16bd6244b7251be2ebb27b17bdfd95c8f3b19ffcd2880f506783c79c3662ad672c02a1aee8d5d4199dd99605a07663ed0f0a7b4d82889839b41f,园林施工、维护、养护服务，花卉租摆服务、绿植租摆、种植服务。（依法须经批准的项目，经相关部门批准后方可开展经营活动）,9600,,2018-12-08,,7,340222060010000000,340200000000112114,0,1,1,50.0,1.0,,,10,,3.0,,,,31487d8f256f16bd6244b7251be2ebb27b17bdfd95c8f3b19ffcd2880f506783bee75565895bdbb5,50.0,,,,,9600
beb4aaaa89e0a0ae75e1d3b3a668e8d321820914563b8f8c,340202,O,8052.0,ca213febe80e171c5ab458cd1d4bd3749a9ce993b18ed541a108167868d1d02c7196e49021acd8a922e782a3b4ed81e185e66b4e2434ee62,足道、按摩、养生服务。（依法须经批准的项目，经相关部门批准后方可开展经营活动）,9600,,2020-08-10 00:00:00,,6,340200000000112177,340200000000113084,0,0,1,5.0,1.0,,,10,,3.0,,,,31487d8f256f16bd6244b7251be2ebb2b55c713be7e2b6d14f38dcde5525d37a,20.0,,,,,9600
f000950527a6feb62d2e0ec80714821be2c79b17fa7fc30f,340271,L,7212.0,4584ebf59d03a95bc1757937a913c61e46e87c5fca94a4d1ef9783589b121f2f6858a767f4fdbecaf7a6a7b757286148,企业管理；企业投资咨询（未经金融等监管部门批准、不得从事向公众金融存款、融资担保、代客理财等金融服务）。（依法须经批准的项目，经相关部门批准后方可开展经营活动）**,4500,4530.0,2019-09-12,2039-09-11,6,340200170010000000,340200000000116468,0,0,1,20.0,,10.0,9.0,,,,4533.0,,,2367b4cac96d8598,1700.0,,,,,4533
f000950527a6feb628bc9c368c9d619acaf87e1faca4ca7e,340200,M,7320.0,4584ebf59d03a95bc1757937a913c61e46e87c5fca94a4d1152c7b2a32d5744e3b022faa834d6d070a10e1399f879324,污泥无害化、资源化处理技术开发、服务、咨询；污泥、污水、净水处理药剂的研发与销售（涉及前置许可项目除外）；土壤改良、生态修复技术开发、服务、咨询；环保设备的研发、生产与销售；环保产品的进出口业务。（依法须经批准的项目，经相关部门批准后方可开展经营活动）**,1100,1130.0,2016-08-01,2046-07-31,6,340200170010000000,340200000020000662,0,1,1,,,,,,,,,,,2367b4cac96d8598,5000.0,,,,,1130
e9f7b28ec10e0470eb33e7fdb616a09f92814e348af2f151,340221,L,7212.0,746df9aaed85785750564fb51c89c9c469347cef8c39195aa799082630881cfb19caa98fbb1572e2fb017e3568e479c31dec4a40478455f8,股权投资；投资管理；投资咨询；资产管理；实业投资；企业管理及咨询；财务咨询；市场营销策划。（依法须经批准的项目，经相关部门批准后方可开展经营活动）,4500,4530.0,2018-07-03,2068-05-09,6,340221010010000000,400000000000313407,0,1,1,10.0,,2.0,1.0,,,,4533.0,,,2367b4cac96d8598,150100.0,,,,,4533
f000950527a6feb601c253523083d266a42e2cd35c6742e6,340202,O,8090.0,31487d8f256f16bd6244b7251be2ebb2ae36cd652943e86cfd2e8fa08b3f80b67ea6afb6d5528b117a8c1f278ef4923f32a9fb7350ea68450f0cc3243d13a877,搬家服务、道路普通货运，家具拆装，设备起重服务，空调拆装，家电回收。（依法须经批准的项目，经相关部门批准后方可开展经营活动）,1100,1150.0,2018-12-05 00:00:00,2068-12-04 00:00:00,6,340202010010000000,340200000000115797,0,0,1,3.0,,,,,,,1151.0,,,2367b4cac96d8598,20.0,0.0,,,,1151
beb4aaaa89e0a0aebc6399bc27f1ea4446e8f0edbb0946a5,340202,O,8090.0,721b8e4b25e8900b5732490b5365d629c981d5eb60fde18cc977340c90420b46c1a34290e76b81e4,房产信息咨询服务，商务信息咨询服务。（依法须经批准的项目，经相关部门批准后方可开展经营活动）,9600,,2018-09-28 00:00:00,,6,340200000000112177,340200000000113084,0,0,1,6.0,1.0,,,10,,3.0,,,,31487d8f256f16bd6244b7251be2ebb2ae36cd652943e86c24c553fe6ef18ef6bca7c5ed7c842a6dd3669199178157f98f58a98d471714841caadf13bb6606ff0a465f49e0ee224dc8263342969d7dd1cd0290a74876aa9a,50.0,,,,,9600
59b38c56de3836836abf6434ec0cbe3c0394748fee50f6f8,340202,J,6760.0,31487d8f256f16bd6244b7251be2ebb2ae36cd652943e86cf498ed4e8b6b30ac4ac76d054694bebd932427315f722ee8,实业投资、企业投资、项目投资、投资管理、资产管理、投资咨询、财务咨询。（未经金融等监管部门的批准，不得从事向公众融资存款、融资担保、代客理财等金融服务）（依法须经批准的项目，经相关部门批准后方可开展经营活动）,4500,4530.0,2017-12-11,2022-12-10,6,340202010010000000,340200000020001145,0,1,1,3.0,,2.0,1.0,,,,4533.0,,,2367b4cac96d8598,13600.0,0.0,,,,4533
d8071a739aa75a3bf89659c841a8f1ceca376edc352fd4e6,340207,M,7320.0,31487d8f256f16bd6244b7251be2ebb2b55c713be7e2b6d1d827a5557f035326c76177afb5609577cadbf8bbba2e1cc4c346883ebbfaf7f6e94e3f34637dac75073ee139c91f1ed527f714665de5f628ca0f9a467d60a5cc5b259c7fd8d0903c,汽车零部件领域内的技术开发、技术转让、技术咨询、技术服务，汽车零部件的生产、销售，机电设备（除特种设备）、自动化设备、电子产品的销售。（依法须经批准的项目，经相关部门批准后方可开展经营活动）***,1100,1150.0,2017-08-18,2067-08-17,7,340207010010000000,340200000020001917,0,1,1,,,,,,,,1151.0,,,2367b4cac96d8598,500.0,,,,,1151
d8071a739aa75a3b37867d2ebab5dd038674e5edb768e2b2,340271,M,7320.0,4584ebf59d03a95bc1757937a913c61e46e87c5fca94a4d16c3a2f54c02f27d0c595f646d22f5c5b1a22d76a1c1ddb5298c285e2fb08792c0a588529cdba2f459ef80e4104771fee7ebc62bdc6849d1dfd4968006b1bcc42e682d2681d51bfeeb6ba95e43484c28d,电气科技领域内的技术开发、技术服务、技术咨询、技术转让，电暖设备、取暖设备、热能蓄积系统设备、空气源热泵、电加热器的研发、生产、销售、安装及维修，五级、模具制造，无纺布制造、销售，熔喷布制造、销售；包装材料销售；塑胶制品销售；印刷品销售；劳保防护用品销售。（依法须经批准的项目，经相关部门批准后方可开展经营活动）。,1100,1150.0,2017-12-22 00:00:00,2067-12-21 00:00:00,6,340200170010000000,340200000020000662,0,0,3,,,,,,,,1151.0,,,2367b4cac96d8598,200.0,,,,,1151
da8691b210adb3f6ade3d055248e55b4d77b0d358ac6327f,340207,O,8090.0,31487d8f256f16bd6244b7251be2ebb2b55c713be7e2b6d10feb4a887af2f4d46d1d346e93812ba84232160ded299a27e11f3d3e31f369deac52e6e9441dbaeaf0287138d96da05a97212fba248687b1dcc1ced6cc4c6a82992bb61dfd26a613,汽车美容、清洁、装潢、保养服务，汽车用品零售、批发(依法需经批准的项目，经相关部门批准后方可开展经营活动)**,9600,,2017-08-02,,7,400000000000428947,340200000020002100,0,1,1,3.0,1.0,,,10,,3.0,,,,31487d8f256f16bd5c6675ed49f52dbfd203ffb958f5b98c30048dde2ff249f4f4b735cf6e4ad93e091684bfcd4cbe8361b1382283f5b6eb0c72b46bda9311e7c5f3775f834fac92,50.0,,,,,9600
216bd2aaf4d07924c3a2e686b890ae8a3e34afbd1f0cfde4,340203,R,9013.0,ca213febe80e171cf62c2ed671ebb5cb9b7aa6d09dc32a743c75c1bc991a8a5971af1dd21773000b0ae271215864429055f3a303a066538d8b36d04f13e188fdc1132439b8f1f9f6,互联网上网服务；食品零售，住宿服务，餐饮服务。（依法须经批准的项目，经相关部门批准后方可开展经营活动）,4500,4540.0,2017-02-27 00:00:00,,6,340203010010000000,340200000020002104,0,1,1,8.0,,,,01-以个人财产出资,,,,,,2367b4cac96d8598,85.0,,,,,4540
f1c1045b13d18329f6c96b3a9705273ae3c2f8da70781ae2,340225,O,8052.0,31487d8f256f16bd6244b7251be2ebb227ca54d864983f5da11a60e7d55e029abffdefdb1458ef8bc592e691d4c9bf82ddf4bd3edd33f2b11242ace1a5aee76dabb477a8d8c06c932e1f92dd73c326c0,足疗服务。（依法须经批准的项目，经相关部门批准后方可开展经营活动）,9600,,2017-07-07,,7,340200000000116776,341400000000012804,0,1,1,7.0,1.0,,,10,,3.0,,,,f67c1b92f52ac52e71abe5874ddec844e6b2649698cb52b892a8bbf435e45192b20adf2c6e18364924dce595a69b6c73ac2c450857906070,100.0,,,,,9600
216bd2aaf4d07924a2f49c58d7fbc5e95dd51510f6de1d24,340203,N,7723.0,31487d8f256f16bd6244b7251be2ebb2104d8ea0072d61ed27be697357f386d08dd6dcc49eba39a065b6437639c78868457accda39accae381e81052e307eb4ca1158f870ebb127e1003e25cf68c3ea001653a91f62bbdafbe1fd825d0a7d49b2caa071344e33f0d815c3fb0f49bf99d6da81beaa0b4d1d2,再生资源回收，城市固体废物、污泥的收集、运输、贮存、利用、处置及技术服务。（依法须经批准的项目，经相关部门批准后方可开展经营活动）,1100,1150.0,2020-01-15 00:00:00,2050-01-07 00:00:00,6,340203010010000000,400000000000041391,0,0,1,5.0,,,,,,,1153.0,,,2367b4cac96d8598,1000.0,,,,,1153
f000950527a6feb687d661f6f5020797ba8e0498187ab23c,340202,R,8890.0,ca213febe80e171c5ab458cd1d4bd3743890dfe29a7e1bbcdc2bf28e4037fc4f2b48f46db5e97a01e7af3a8526f83e6e985d76fe774f744f986c1933c27599a297507075e475718d,组织境内文化艺术交流活动，广告发布，票务代理，会展服务，企业营销策划，出版物零售，家用电器、电子数码产品及周边设备、服装鞋帽、眼镜、针纺织品及原料、花卉苗木、文具用品、办公用品、体育用品及器材、五金交电、工艺美术品（除文物）、服装辅料、饰品、箱包皮具、日用百货、厨房用具、化妆品、灯具、家居护理用品、洗涤用品、卫生洁具及床上用品、皮革制品、钟表、玩具、首饰、照相器材、家用电器、玻璃制品、计算机软硬件及辅助设备、自行车、摩托车及零配件销售。,1100,1150.0,2018-06-19,,6,340200000000000000,340200000000115797,0,0,1,8.0,,,,,,,1152.0,,,2367b4cac96d8598,150.0,,,,,1152
f1c1045b13d18329f7992e6406baff82ac2ba2c8d3cb37d0,340225,O,8199.0,31487d8f256f16bd6244b7251be2ebb227ca54d864983f5da11a60e7d55e029a17376f68f9f8b567477fb7718834711298a6944b4a7602faaeae4a0276b4f7a4,传授熟食制作工艺、卤菜技术咨询、餐饮技术咨询服务。（依法须经批准的项目，经相关部门批准后方可开展经营活动）,9600,,2014-10-10,,6,340200000000116780,341400000000012804,0,1,1,11.0,1.0,,,10,,3.0,,,,f67c1b92f52ac52e73d019e91e0323c4d35e1126003625a6de4c947a627a9747a403d385f01bc3f7ff4506fa394ea69a,10.0,,,,,9600
47645761dc56bb8cd13bb09cdf048bc198fb684d6073a4ed,340223,R,8870.0,31487d8f256f16bd6244b7251be2ebb24d1db51663c654f55b75cd8876e0c5abb952008f9353d6019c9b2736a2194a3b1779e14a11e549cfc2cfdc4c46d5c5c9a0156f1a41aa115897f4767fbcd345e8,文体娱乐服务；文化交流信息咨询；文化艺术交流活动组织策划（依法须经批准的项目，经相关部门批准后方可开展经营活动）。,1100,1150.0,2020-04-26 00:00:00,,6,340223010010000000,340200000000112413,0,0,1,2.0,,,,,,,1153.0,,,2367b4cac96d8598,2000.0,,,,,1153
47645761dc56bb8cb66845ee695530e5f31edd1d08d73733,340223,O,8219.0,31487d8f256f16bd6244b7251be2ebb24d1db51663c654f565ba1abf9b63dca048df928d94a78c8da5b46b844e528e9ae4d200753fe0bb05ecc5ce0a98d3b9097758666d325c22ae7b6f694c7f430750,保洁服务；搬家服务；货物搬运装卸服务；家政服务；物业管理；酒店用品、厨房用具、卫生用具、清洁用品销售。（依法须经批准的项目，经相关部门批准后方可开展经营活动）,1100,1150.0,2019-07-19 00:00:00,,6,340223010010000000,340200000000115392,0,0,1,7.0,,,,,,,1151.0,,,2367b4cac96d8598,50.0,,,,,1151
47e3664e12f3ce7424b1853fc22fb0ee728a9737781f9163,340222,R,9051.0,31487d8f256f16bd6244b7251be2ebb27b17bdfd95c8f3b19ffcd2880f50678377804032cd9cad896ae91a51b87a974302171e748ed0560042f9fbfecffbf1669542f5f9f084a44a13474f3ffe4233b6f367d0b725bfdcd31c15f448f3911084eaa68eaefe556916d80e421d24dee6f2e09b011b4fe367b9,文化艺术交流活动组织策划；文艺创作与表演；演出经纪；市场营销策划；企业营销策划；广告设计、制作、发布、代理；图文设计、制作；礼仪服务；摄影摄像服务；翻译服务；展览展示服务；项目策划与公关服务；计算机软硬件技术开发、技术咨询、技术服务（依法须经批准的项目，经相关部门批准后方可开展经营活动）。,1100,1150.0,2020-03-20 10:22:25,,6,340222010010000000,400000000000753934,0,0,1,10.0,,,,,,,1151.0,,,2367b4cac96d8598,300.0,,,,,1151
f000950527a6feb6c2f40c9d8477e73a439dfa0897830397,340200,M,7453.0,31487d8f256f16bd6244b7251be2ebb2ac3ff076a48c2a74c4bbc46767fcd2048769b4bd98d2a956e94596554da38515b30213723cbb84f9385c31b06f4effc8,计量咨询服务。（依法须经批准的项目，经相关部门批准后方可开展经营活动）**,1100,1130.0,2009-08-06,2022-08-05,6,340200170010000000,340200000000100925,0,1,1,0.0,,,,,,,,,,2367b4cac96d8598,10.0,10.0,,,,1130
d8071a739aa75a3be4b13557d7036779de6cad403115f1b2,340207,M,7320.0,31487d8f256f16bd6244b7251be2ebb2b55c713be7e2b6d123f6feac7de655ccb8e83a13175b7b519f03f86f6c397d323917b1b44cabf934443e50752dad4ee43951d866830e420b8d2375c3f537ca8b65237f79deefb334,自动化科技领域内的技术开发、技术转让、技术咨询、技术服务、技术推广；自动化设备的研发、设计和制造；工业机器人制造；智能工业机器人研发；汽车用品制造；水电安装工程设计；水电安装工程施工；电气设备批发；电气安装；新能源汽车用发动机零部件制造；制冷设备及配件的销售及安装；环保设施及设备的设计、研发、制造、销售、安装、技术咨询；输送设备加工；输送设备销售；工装夹具制造；工装夹具销售；工位器具制造、销售；建筑装修装饰工程设计、施工；安防工程施工；道路交通设施销售；道路交通监控设备安装；厂房、设备拆除工程服务；劳务服务（涉及前置许可的项目除外）（依法须经批准的项目，经相关部门批准后方可开展经营活动）。,1100,1150.0,2020-08-08 16:28:09,,6,340207010010000000,400000000000753913,0,0,1,2.0,,,,,,,1151.0,,,2367b4cac96d8598,500.0,,,,,1151
8f19388cfd6e2b9c01f5e60cea9dec14269aa6c752524bca,340221,O,8040.0,31487d8f256f16bd6244b7251be2ebb210b4e8f49f9331b06e5ac18f6755bccf024fa2778043c1265426a474b1c090b40487c55368defcb89ef29253c02cb9323ea6ad60fa3ff152,理发、美甲服务（依法须经批准的项目，经相关部门批准后方可开展经营活动）,9600,,2017-08-14,,6,340200000000111729,340200000000111743,0,1,1,2.0,1.0,,,10,,3.0,,,,2367b4cac96d8598,10.0,,,,,9600
216bd2aaf4d07924fde92a923e4dfc558140128f86da6b39,340203,M,7519.0,31487d8f256f16bd6244b7251be2ebb2104d8ea0072d61ed0de1634ad4dc65084c15bdc6973cf43893dcf0249b6dd9bc6a3310126aa474161df31e90835dcf8e324e6a39a4d48d8053dcc9edc504d76dbea553c1a8ef0764ba0fb073facfa97a9888fe579ed28352,轴承、工控器件、五金交电、气动工具、电动工具、橡塑制品、锅炉配件研发、生产、销售，交通设施、劳保产品、电线电缆、工量刃具、办公用品、仓储设备、泵、阀门、仪器仪表、磨具磨料、包装材料、机械设备、焊接设备及焊接配件、自动化设备、导轨、电子元器件、液压油、润滑脂、电子衡器、塑料件、输送设备及配件、链条、链轮、链板、非标订做的制作和销售。（依法须经批准的项目，经相关部门批准后方可开展经营活动）,1100,1150.0,2019-10-18 00:00:00,2069-10-17 00:00:00,6,340203010010000000,400000000000432718,0,0,1,2.0,,,,,,,1151.0,,,2367b4cac96d8598,100.0,,,,,1151
216bd2aaf4d0792499bfcbf543ab17cbc08d728196bbd6ae,340203,O,8290.0,31487d8f256f16bd6244b7251be2ebb2104d8ea0072d61ed00d47cfe1894ccf82ab2640934f0b38c05fb935d895024964bf780a44b5f3b0c074049e00505f5b16ae64c3af5574da831f1742d2ecdedb780afb227adf6d4e0e6759de57cbe19a63f7f77c58ae42e51,建筑劳务服务（涉及前置许可的除外），建筑工程、水利水电工程、港口与航道工程、电力工程、市政公用工程、地基基础工程、机电安装工程、建筑装修装饰工程、土石方工程、桥梁工程、钢结构工程、河湖整治工程、防水防腐保温工程、铁路工程、公路工程、隧道工程、古建筑工程施工；建材（除危化品）、防水材料、防腐保温材料、电力输送设施销售，受托从事房屋拆迁服务(涉及前置许可的除外)，机械设备及配件销售、租赁，城市生活垃圾经营性清扫、运输服务。（依法须经批准的项目，经相关部门批准后方可开展经营活动）,1100,1150.0,2020-01-13 00:00:00,,6,340203010010000000,400000000000432718,0,0,1,3.0,,,,,,,1151.0,,,2367b4cac96d8598,200.0,,,,,1151
